DateTime,Max/Min,State,Fuel Type,Supply
02/01/2018 04:00,Min,NEM,Battery,0
02/01/2018 04:00,Min,NEM,Biomass,10.233
02/01/2018 04:00,Min,NEM,Black coal,10655.808
02/01/2018 04:00,Min,NEM,Brown coal,4655.597
02/01/2018 04:00,Min,NEM,Distributed PV,0
02/01/2018 04:00,Min,NEM,Gas,1517.622
02/01/2018 04:00,Min,NEM,Hydro,355.826
02/01/2018 04:00,Min,NEM,Liquid Fuel,0.098
02/01/2018 04:00,Min,NEM,Utility-scale Solar,2.204
02/01/2018 04:00,Min,NEM,Wind,566.57
06/01/2018 12:00,Max,NEM,Battery,0.566
06/01/2018 12:00,Max,NEM,Biomass,14.516
06/01/2018 12:00,Max,NEM,Black coal,14111.605
06/01/2018 12:00,Max,NEM,Brown coal,4540.312
06/01/2018 12:00,Max,NEM,Distributed PV,3876.574
06/01/2018 12:00,Max,NEM,Gas,1907.942
06/01/2018 12:00,Max,NEM,Hydro,1888.634
06/01/2018 12:00,Max,NEM,Liquid Fuel,0.021
06/01/2018 12:00,Max,NEM,Utility-scale Solar,267.204
06/01/2018 12:00,Max,NEM,Wind,2864.484
13/02/2018 03:30,Min,NEM,Battery,1.333
13/02/2018 03:30,Min,NEM,Biomass,24.566
13/02/2018 03:30,Min,NEM,Black coal,12074.488
13/02/2018 03:30,Min,NEM,Brown coal,4720.514
13/02/2018 03:30,Min,NEM,Distributed PV,0
13/02/2018 03:30,Min,NEM,Gas,1724.87
13/02/2018 03:30,Min,NEM,Hydro,554.192
13/02/2018 03:30,Min,NEM,Liquid Fuel,0.037
13/02/2018 03:30,Min,NEM,Utility-scale Solar,1.597
13/02/2018 03:30,Min,NEM,Wind,437.997
28/02/2018 12:30,Max,NEM,Battery,0
28/02/2018 12:30,Max,NEM,Biomass,0
28/02/2018 12:30,Max,NEM,Black coal,12779.094
28/02/2018 12:30,Max,NEM,Brown coal,4685.62
28/02/2018 12:30,Max,NEM,Distributed PV,3359.465
28/02/2018 12:30,Max,NEM,Gas,1673.393
28/02/2018 12:30,Max,NEM,Hydro,1438.767
28/02/2018 12:30,Max,NEM,Liquid Fuel,0
28/02/2018 12:30,Max,NEM,Utility-scale Solar,279.652
28/02/2018 12:30,Max,NEM,Wind,3237.624
03/03/2018 02:30,Min,NEM,Battery,5.733
03/03/2018 02:30,Min,NEM,Biomass,0
03/03/2018 02:30,Min,NEM,Black coal,11535.505
03/03/2018 02:30,Min,NEM,Brown coal,4377.721
03/03/2018 02:30,Min,NEM,Distributed PV,0
03/03/2018 02:30,Min,NEM,Gas,1670.423
03/03/2018 02:30,Min,NEM,Hydro,529.823
03/03/2018 02:30,Min,NEM,Liquid Fuel,0
03/03/2018 02:30,Min,NEM,Utility-scale Solar,2.162
03/03/2018 02:30,Min,NEM,Wind,332.143
18/03/2018 11:30,Max,NEM,Battery,0
18/03/2018 11:30,Max,NEM,Biomass,4.1
18/03/2018 11:30,Max,NEM,Black coal,11525.754
18/03/2018 11:30,Max,NEM,Brown coal,3498.21
18/03/2018 11:30,Max,NEM,Distributed PV,3088.228
18/03/2018 11:30,Max,NEM,Gas,1526.212
18/03/2018 11:30,Max,NEM,Hydro,1546.167
18/03/2018 11:30,Max,NEM,Liquid Fuel,0.088
18/03/2018 11:30,Max,NEM,Utility-scale Solar,296.753
18/03/2018 11:30,Max,NEM,Wind,3116.855
08/04/2018 12:00,Max,NEM,Battery,0
08/04/2018 12:00,Max,NEM,Biomass,6.983
08/04/2018 12:00,Max,NEM,Black coal,10745.275
08/04/2018 12:00,Max,NEM,Brown coal,3441.854
08/04/2018 12:00,Max,NEM,Distributed PV,3073.263
08/04/2018 12:00,Max,NEM,Gas,1045.377
08/04/2018 12:00,Max,NEM,Hydro,1498.419
08/04/2018 12:00,Max,NEM,Liquid Fuel,0.059
08/04/2018 12:00,Max,NEM,Utility-scale Solar,327.757
08/04/2018 12:00,Max,NEM,Wind,2700.229
25/04/2018 01:30,Min,NEM,Battery,9.65
25/04/2018 01:30,Min,NEM,Biomass,0
25/04/2018 01:30,Min,NEM,Black coal,11478.03
25/04/2018 01:30,Min,NEM,Brown coal,4371.855
25/04/2018 01:30,Min,NEM,Distributed PV,0
25/04/2018 01:30,Min,NEM,Gas,1747.5
25/04/2018 01:30,Min,NEM,Hydro,1113.936
25/04/2018 01:30,Min,NEM,Liquid Fuel,0.08
25/04/2018 01:30,Min,NEM,Utility-scale Solar,0.298
25/04/2018 01:30,Min,NEM,Wind,294.789
11/05/2018 12:30,Max,NEM,Battery,2.55
11/05/2018 12:30,Max,NEM,Biomass,7.466
11/05/2018 12:30,Max,NEM,Black coal,11308.68
11/05/2018 12:30,Max,NEM,Brown coal,4376.679
11/05/2018 12:30,Max,NEM,Distributed PV,2340.449
11/05/2018 12:30,Max,NEM,Gas,1528.155
11/05/2018 12:30,Max,NEM,Hydro,2160.081
11/05/2018 12:30,Max,NEM,Liquid Fuel,0.079
11/05/2018 12:30,Max,NEM,Utility-scale Solar,314.416
11/05/2018 12:30,Max,NEM,Wind,3400.084
19/05/2018 02:00,Min,NEM,Battery,3.516
19/05/2018 02:00,Min,NEM,Biomass,0
19/05/2018 02:00,Min,NEM,Black coal,12203.278
19/05/2018 02:00,Min,NEM,Brown coal,4355.708
19/05/2018 02:00,Min,NEM,Distributed PV,0
19/05/2018 02:00,Min,NEM,Gas,1868.571
19/05/2018 02:00,Min,NEM,Hydro,1246.756
19/05/2018 02:00,Min,NEM,Liquid Fuel,0.056
19/05/2018 02:00,Min,NEM,Utility-scale Solar,1.2
19/05/2018 02:00,Min,NEM,Wind,237.795
03/06/2018 01:30,Min,NEM,Battery,2.033
03/06/2018 01:30,Min,NEM,Biomass,0
03/06/2018 01:30,Min,NEM,Black coal,12619.161
03/06/2018 01:30,Min,NEM,Brown coal,4359.655
03/06/2018 01:30,Min,NEM,Distributed PV,0
03/06/2018 01:30,Min,NEM,Gas,1671.123
03/06/2018 01:30,Min,NEM,Hydro,1368.906
03/06/2018 01:30,Min,NEM,Liquid Fuel,0.07
03/06/2018 01:30,Min,NEM,Utility-scale Solar,0.998
03/06/2018 01:30,Min,NEM,Wind,405.544
15/06/2018 13:00,Max,NEM,Battery,1.216
15/06/2018 13:00,Max,NEM,Biomass,15.75
15/06/2018 13:00,Max,NEM,Black coal,11920.277
15/06/2018 13:00,Max,NEM,Brown coal,3793.945
15/06/2018 13:00,Max,NEM,Distributed PV,2429.612
15/06/2018 13:00,Max,NEM,Gas,1006.782
15/06/2018 13:00,Max,NEM,Hydro,2850.507
15/06/2018 13:00,Max,NEM,Liquid Fuel,0.066
15/06/2018 13:00,Max,NEM,Utility-scale Solar,346.507
15/06/2018 13:00,Max,NEM,Wind,3295.158
01/07/2018 06:00,Min,NEM,Battery,0
01/07/2018 06:00,Min,NEM,Biomass,14.7
01/07/2018 06:00,Min,NEM,Black coal,11808.43
01/07/2018 06:00,Min,NEM,Brown coal,4692.621
01/07/2018 06:00,Min,NEM,Distributed PV,0
01/07/2018 06:00,Min,NEM,Gas,1019.829
01/07/2018 06:00,Min,NEM,Hydro,1209.077
01/07/2018 06:00,Min,NEM,Liquid Fuel,0.09
01/07/2018 06:00,Min,NEM,Utility-scale Solar,1.009
01/07/2018 06:00,Min,NEM,Wind,679.985
29/07/2018 12:00,Max,NEM,Battery,0
29/07/2018 12:00,Max,NEM,Biomass,45.116
29/07/2018 12:00,Max,NEM,Black coal,9987.015
29/07/2018 12:00,Max,NEM,Brown coal,3884.068
29/07/2018 12:00,Max,NEM,Distributed PV,2965.349
29/07/2018 12:00,Max,NEM,Gas,512.705
29/07/2018 12:00,Max,NEM,Hydro,1690.984
29/07/2018 12:00,Max,NEM,Liquid Fuel,0.063
29/07/2018 12:00,Max,NEM,Utility-scale Solar,524.393
29/07/2018 12:00,Max,NEM,Wind,3395.858
18/08/2018 12:30,Max,NEM,Battery,10.718
18/08/2018 12:30,Max,NEM,Biomass,61.283
18/08/2018 12:30,Max,NEM,Black coal,9543.97
18/08/2018 12:30,Max,NEM,Brown coal,4097.025
18/08/2018 12:30,Max,NEM,Distributed PV,3406.807
18/08/2018 12:30,Max,NEM,Gas,494.475
18/08/2018 12:30,Max,NEM,Hydro,1338.585
18/08/2018 12:30,Max,NEM,Liquid Fuel,0.098
18/08/2018 12:30,Max,NEM,Utility-scale Solar,582.589
18/08/2018 12:30,Max,NEM,Wind,3694.63
26/08/2018 05:30,Min,NEM,Battery,0.001
26/08/2018 05:30,Min,NEM,Biomass,49.333
26/08/2018 05:30,Min,NEM,Black coal,10745.508
26/08/2018 05:30,Min,NEM,Brown coal,3822.67
26/08/2018 05:30,Min,NEM,Distributed PV,0
26/08/2018 05:30,Min,NEM,Gas,1363.959
26/08/2018 05:30,Min,NEM,Hydro,1686.212
26/08/2018 05:30,Min,NEM,Liquid Fuel,0.114
26/08/2018 05:30,Min,NEM,Utility-scale Solar,0.996
26/08/2018 05:30,Min,NEM,Wind,624.713
15/09/2018 12:00,Max,NEM,Battery,0
15/09/2018 12:00,Max,NEM,Biomass,49.7
15/09/2018 12:00,Max,NEM,Black coal,9940.573
15/09/2018 12:00,Max,NEM,Brown coal,3642.695
15/09/2018 12:00,Max,NEM,Distributed PV,3619.026
15/09/2018 12:00,Max,NEM,Gas,726.189
15/09/2018 12:00,Max,NEM,Hydro,1308.343
15/09/2018 12:00,Max,NEM,Liquid Fuel,0.063
15/09/2018 12:00,Max,NEM,Utility-scale Solar,744.665
15/09/2018 12:00,Max,NEM,Wind,3385.191
21/09/2018 05:00,Min,NEM,Battery,0
21/09/2018 05:00,Min,NEM,Biomass,42.016
21/09/2018 05:00,Min,NEM,Black coal,12442.967
21/09/2018 05:00,Min,NEM,Brown coal,3777.425
21/09/2018 05:00,Min,NEM,Distributed PV,0
21/09/2018 05:00,Min,NEM,Gas,1350.814
21/09/2018 05:00,Min,NEM,Hydro,1645.154
21/09/2018 05:00,Min,NEM,Liquid Fuel,0.1
21/09/2018 05:00,Min,NEM,Utility-scale Solar,0.678
21/09/2018 05:00,Min,NEM,Wind,683.175
27/10/2018 12:30,Max,NEM,Battery,0
27/10/2018 12:30,Max,NEM,Biomass,47.85
27/10/2018 12:30,Max,NEM,Black coal,10156.43
27/10/2018 12:30,Max,NEM,Brown coal,3493.569
27/10/2018 12:30,Max,NEM,Distributed PV,4278.19
27/10/2018 12:30,Max,NEM,Gas,724.922
27/10/2018 12:30,Max,NEM,Hydro,823.16
27/10/2018 12:30,Max,NEM,Liquid Fuel,0.046
27/10/2018 12:30,Max,NEM,Utility-scale Solar,1079.572
27/10/2018 12:30,Max,NEM,Wind,2158.734
30/10/2018 02:30,Min,NEM,Battery,0
30/10/2018 02:30,Min,NEM,Biomass,40.15
30/10/2018 02:30,Min,NEM,Black coal,11371.898
30/10/2018 02:30,Min,NEM,Brown coal,3826.834
30/10/2018 02:30,Min,NEM,Distributed PV,0
30/10/2018 02:30,Min,NEM,Gas,1577.444
30/10/2018 02:30,Min,NEM,Hydro,861.514
30/10/2018 02:30,Min,NEM,Liquid Fuel,14.071
30/10/2018 02:30,Min,NEM,Utility-scale Solar,1.477
30/10/2018 02:30,Min,NEM,Wind,635.124
23/11/2018 12:30,Max,NEM,Battery,14.313
23/11/2018 12:30,Max,NEM,Biomass,33.316
23/11/2018 12:30,Max,NEM,Black coal,11425.894
23/11/2018 12:30,Max,NEM,Brown coal,3210.267
23/11/2018 12:30,Max,NEM,Distributed PV,3839.752
23/11/2018 12:30,Max,NEM,Gas,658.647
23/11/2018 12:30,Max,NEM,Hydro,1411.17
23/11/2018 12:30,Max,NEM,Liquid Fuel,10.078
23/11/2018 12:30,Max,NEM,Utility-scale Solar,1187.859
23/11/2018 12:30,Max,NEM,Wind,2916.703
30/11/2018 04:00,Min,NEM,Battery,5.7
30/11/2018 04:00,Min,NEM,Biomass,18.383
30/11/2018 04:00,Min,NEM,Black coal,11683.211
30/11/2018 04:00,Min,NEM,Brown coal,3760.654
30/11/2018 04:00,Min,NEM,Distributed PV,0
30/11/2018 04:00,Min,NEM,Gas,1662.308
30/11/2018 04:00,Min,NEM,Hydro,992.939
30/11/2018 04:00,Min,NEM,Liquid Fuel,0.035
30/11/2018 04:00,Min,NEM,Utility-scale Solar,0.902
30/11/2018 04:00,Min,NEM,Wind,203.406
02/12/2018 10:30,Max,NEM,Battery,1.133
02/12/2018 10:30,Max,NEM,Biomass,36.266
02/12/2018 10:30,Max,NEM,Black coal,10613.467
02/12/2018 10:30,Max,NEM,Brown coal,3202.761
02/12/2018 10:30,Max,NEM,Distributed PV,4006.947
02/12/2018 10:30,Max,NEM,Gas,579.602
02/12/2018 10:30,Max,NEM,Hydro,588.112
02/12/2018 10:30,Max,NEM,Liquid Fuel,0.11
02/12/2018 10:30,Max,NEM,Utility-scale Solar,1221.953
02/12/2018 10:30,Max,NEM,Wind,3778.153
27/12/2018 02:30,Min,NEM,Battery,0.011
27/12/2018 02:30,Min,NEM,Biomass,16.7
27/12/2018 02:30,Min,NEM,Black coal,11000.814
27/12/2018 02:30,Min,NEM,Brown coal,4397.131
27/12/2018 02:30,Min,NEM,Distributed PV,0
27/12/2018 02:30,Min,NEM,Gas,773.39
27/12/2018 02:30,Min,NEM,Hydro,761.72
27/12/2018 02:30,Min,NEM,Liquid Fuel,0.057
27/12/2018 02:30,Min,NEM,Utility-scale Solar,0.677
27/12/2018 02:30,Min,NEM,Wind,887.217
08/01/2019 04:30,Min,NEM,Battery,0
08/01/2019 04:30,Min,NEM,Biomass,29.2
08/01/2019 04:30,Min,NEM,Black coal,12007.479
08/01/2019 04:30,Min,NEM,Brown coal,4365.943
08/01/2019 04:30,Min,NEM,Distributed PV,0
08/01/2019 04:30,Min,NEM,Gas,1140.565
08/01/2019 04:30,Min,NEM,Hydro,761.903
08/01/2019 04:30,Min,NEM,Liquid Fuel,0.047
08/01/2019 04:30,Min,NEM,Utility-scale Solar,1.388
08/01/2019 04:30,Min,NEM,Wind,625.251
13/01/2019 11:00,Max,NEM,Battery,0.005
13/01/2019 11:00,Max,NEM,Biomass,29.5
13/01/2019 11:00,Max,NEM,Black coal,11275.583
13/01/2019 11:00,Max,NEM,Brown coal,4015.079
13/01/2019 11:00,Max,NEM,Distributed PV,4214.506
13/01/2019 11:00,Max,NEM,Gas,891.605
13/01/2019 11:00,Max,NEM,Hydro,871.924
13/01/2019 11:00,Max,NEM,Liquid Fuel,0.081
13/01/2019 11:00,Max,NEM,Utility-scale Solar,1472.495
13/01/2019 11:00,Max,NEM,Wind,2217.708
09/02/2019 12:30,Max,NEM,Battery,0
09/02/2019 12:30,Max,NEM,Biomass,15.066
09/02/2019 12:30,Max,NEM,Black coal,12104.053
09/02/2019 12:30,Max,NEM,Brown coal,3531.061
09/02/2019 12:30,Max,NEM,Distributed PV,4014.747
09/02/2019 12:30,Max,NEM,Gas,1034.47
09/02/2019 12:30,Max,NEM,Hydro,507.357
09/02/2019 12:30,Max,NEM,Liquid Fuel,0.027
09/02/2019 12:30,Max,NEM,Utility-scale Solar,1111.89
09/02/2019 12:30,Max,NEM,Wind,3630.58
10/02/2019 06:00,Min,NEM,Battery,2.4
10/02/2019 06:00,Min,NEM,Biomass,38.866
10/02/2019 06:00,Min,NEM,Black coal,11819.754
10/02/2019 06:00,Min,NEM,Brown coal,4220.766
10/02/2019 06:00,Min,NEM,Distributed PV,66.11
10/02/2019 06:00,Min,NEM,Gas,1206.142
10/02/2019 06:00,Min,NEM,Hydro,521.768
10/02/2019 06:00,Min,NEM,Liquid Fuel,0.034
10/02/2019 06:00,Min,NEM,Utility-scale Solar,4.549
10/02/2019 06:00,Min,NEM,Wind,812.079
10/03/2019 01:00,Min,NEM,Battery,4.093
10/03/2019 01:00,Min,NEM,Biomass,38.333
10/03/2019 01:00,Min,NEM,Black coal,12199.956
10/03/2019 01:00,Min,NEM,Brown coal,4689.975
10/03/2019 01:00,Min,NEM,Distributed PV,0
10/03/2019 01:00,Min,NEM,Gas,1755.465
10/03/2019 01:00,Min,NEM,Hydro,495.779
10/03/2019 01:00,Min,NEM,Liquid Fuel,0.034
10/03/2019 01:00,Min,NEM,Utility-scale Solar,1.636
10/03/2019 01:00,Min,NEM,Wind,366.693
31/03/2019 12:00,Max,NEM,Battery,1.516
31/03/2019 12:00,Max,NEM,Biomass,13.883
31/03/2019 12:00,Max,NEM,Black coal,9226.885
31/03/2019 12:00,Max,NEM,Brown coal,3465.534
31/03/2019 12:00,Max,NEM,Distributed PV,3844.295
31/03/2019 12:00,Max,NEM,Gas,779.841
31/03/2019 12:00,Max,NEM,Hydro,1203.33
31/03/2019 12:00,Max,NEM,Liquid Fuel,0.039
31/03/2019 12:00,Max,NEM,Utility-scale Solar,1372.564
31/03/2019 12:00,Max,NEM,Wind,2093.824
07/04/2019 12:00,Max,NEM,Battery,2.914
07/04/2019 12:00,Max,NEM,Biomass,0
07/04/2019 12:00,Max,NEM,Black coal,9258.415
07/04/2019 12:00,Max,NEM,Brown coal,3238.58
07/04/2019 12:00,Max,NEM,Distributed PV,4262.765
07/04/2019 12:00,Max,NEM,Gas,637.917
07/04/2019 12:00,Max,NEM,Hydro,571.026
07/04/2019 12:00,Max,NEM,Liquid Fuel,0.019
07/04/2019 12:00,Max,NEM,Utility-scale Solar,1453.122
07/04/2019 12:00,Max,NEM,Wind,3216.347
24/04/2019 04:30,Min,NEM,Battery,2.4
24/04/2019 04:30,Min,NEM,Biomass,0
24/04/2019 04:30,Min,NEM,Black coal,10681.637
24/04/2019 04:30,Min,NEM,Brown coal,4196.363
24/04/2019 04:30,Min,NEM,Distributed PV,0
24/04/2019 04:30,Min,NEM,Gas,1313.874
24/04/2019 04:30,Min,NEM,Hydro,545.58
24/04/2019 04:30,Min,NEM,Liquid Fuel,0.019
24/04/2019 04:30,Min,NEM,Utility-scale Solar,2.176
24/04/2019 04:30,Min,NEM,Wind,805.358
06/05/2019 05:30,Min,NEM,Battery,0.002
06/05/2019 05:30,Min,NEM,Biomass,0
06/05/2019 05:30,Min,NEM,Black coal,11328.463
06/05/2019 05:30,Min,NEM,Brown coal,3228.76
06/05/2019 05:30,Min,NEM,Distributed PV,0
06/05/2019 05:30,Min,NEM,Gas,1960.796
06/05/2019 05:30,Min,NEM,Hydro,1094.628
06/05/2019 05:30,Min,NEM,Liquid Fuel,0.038
06/05/2019 05:30,Min,NEM,Utility-scale Solar,1.798
06/05/2019 05:30,Min,NEM,Wind,563.207
26/05/2019 12:00,Max,NEM,Battery,1.257
26/05/2019 12:00,Max,NEM,Biomass,0
26/05/2019 12:00,Max,NEM,Black coal,9412.614
26/05/2019 12:00,Max,NEM,Brown coal,3404.138
26/05/2019 12:00,Max,NEM,Distributed PV,3258.115
26/05/2019 12:00,Max,NEM,Gas,663.419
26/05/2019 12:00,Max,NEM,Hydro,944.47
26/05/2019 12:00,Max,NEM,Liquid Fuel,0.019
26/05/2019 12:00,Max,NEM,Utility-scale Solar,1392.682
26/05/2019 12:00,Max,NEM,Wind,3628.588
17/06/2019 03:00,Min,NEM,Battery,7.783
17/06/2019 03:00,Min,NEM,Biomass,32.766
17/06/2019 03:00,Min,NEM,Black coal,11570.209
17/06/2019 03:00,Min,NEM,Brown coal,3854.134
17/06/2019 03:00,Min,NEM,Distributed PV,0
17/06/2019 03:00,Min,NEM,Gas,1602.071
17/06/2019 03:00,Min,NEM,Hydro,1277.681
17/06/2019 03:00,Min,NEM,Liquid Fuel,0.563
17/06/2019 03:00,Min,NEM,Utility-scale Solar,1.644
17/06/2019 03:00,Min,NEM,Wind,565.749
30/06/2019 12:30,Max,NEM,Battery,13.45
30/06/2019 12:30,Max,NEM,Biomass,60.983
30/06/2019 12:30,Max,NEM,Black coal,9458.405
30/06/2019 12:30,Max,NEM,Brown coal,4057.823
30/06/2019 12:30,Max,NEM,Distributed PV,3136.496
30/06/2019 12:30,Max,NEM,Gas,550.478
30/06/2019 12:30,Max,NEM,Hydro,926.565
30/06/2019 12:30,Max,NEM,Liquid Fuel,5.39
30/06/2019 12:30,Max,NEM,Utility-scale Solar,1670.687
30/06/2019 12:30,Max,NEM,Wind,3361.931
20/07/2019 13:00,Max,NEM,Battery,1.439
20/07/2019 13:00,Max,NEM,Biomass,32.216
20/07/2019 13:00,Max,NEM,Black coal,9458.81
20/07/2019 13:00,Max,NEM,Brown coal,3098.981
20/07/2019 13:00,Max,NEM,Distributed PV,4204.135
20/07/2019 13:00,Max,NEM,Gas,686.856
20/07/2019 13:00,Max,NEM,Hydro,1187.909
20/07/2019 13:00,Max,NEM,Liquid Fuel,0.091
20/07/2019 13:00,Max,NEM,Utility-scale Solar,1791.455
20/07/2019 13:00,Max,NEM,Wind,3017.985
27/07/2019 03:00,Min,NEM,Battery,0.25
27/07/2019 03:00,Min,NEM,Biomass,51.116
27/07/2019 03:00,Min,NEM,Black coal,12107.706
27/07/2019 03:00,Min,NEM,Brown coal,3867.965
27/07/2019 03:00,Min,NEM,Distributed PV,0
27/07/2019 03:00,Min,NEM,Gas,1551.495
27/07/2019 03:00,Min,NEM,Hydro,1531.037
27/07/2019 03:00,Min,NEM,Liquid Fuel,0.088
27/07/2019 03:00,Min,NEM,Utility-scale Solar,0.327
27/07/2019 03:00,Min,NEM,Wind,240.673
24/08/2019 12:30,Max,NEM,Battery,13.885
24/08/2019 12:30,Max,NEM,Biomass,49.366
24/08/2019 12:30,Max,NEM,Black coal,8942.001
24/08/2019 12:30,Max,NEM,Brown coal,2700.675
24/08/2019 12:30,Max,NEM,Distributed PV,4417.127
24/08/2019 12:30,Max,NEM,Gas,633.266
24/08/2019 12:30,Max,NEM,Hydro,1055.425
24/08/2019 12:30,Max,NEM,Liquid Fuel,0.083
24/08/2019 12:30,Max,NEM,Utility-scale Solar,1663.758
24/08/2019 12:30,Max,NEM,Wind,3549.486
26/08/2019 03:00,Min,NEM,Battery,0
26/08/2019 03:00,Min,NEM,Biomass,70.333
26/08/2019 03:00,Min,NEM,Black coal,10829.295
26/08/2019 03:00,Min,NEM,Brown coal,3836.403
26/08/2019 03:00,Min,NEM,Distributed PV,0
26/08/2019 03:00,Min,NEM,Gas,2185.391
26/08/2019 03:00,Min,NEM,Hydro,1137.291
26/08/2019 03:00,Min,NEM,Liquid Fuel,0.073
26/08/2019 03:00,Min,NEM,Utility-scale Solar,1.807
26/08/2019 03:00,Min,NEM,Wind,804.601
13/09/2019 05:00,Min,NEM,Battery,4.083
13/09/2019 05:00,Min,NEM,Biomass,41
13/09/2019 05:00,Min,NEM,Black coal,11001.092
13/09/2019 05:00,Min,NEM,Brown coal,3357.659
13/09/2019 05:00,Min,NEM,Distributed PV,0
13/09/2019 05:00,Min,NEM,Gas,2882.788
13/09/2019 05:00,Min,NEM,Hydro,1230.54
13/09/2019 05:00,Min,NEM,Liquid Fuel,0.26
13/09/2019 05:00,Min,NEM,Utility-scale Solar,1.036
13/09/2019 05:00,Min,NEM,Wind,504.958
22/09/2019 12:30,Max,NEM,Battery,7.205
22/09/2019 12:30,Max,NEM,Biomass,38.9
22/09/2019 12:30,Max,NEM,Black coal,8497.997
22/09/2019 12:30,Max,NEM,Brown coal,2402.812
22/09/2019 12:30,Max,NEM,Distributed PV,4491.321
22/09/2019 12:30,Max,NEM,Gas,674.307
22/09/2019 12:30,Max,NEM,Hydro,1133.28
22/09/2019 12:30,Max,NEM,Liquid Fuel,0.043
22/09/2019 12:30,Max,NEM,Utility-scale Solar,1906.706
22/09/2019 12:30,Max,NEM,Wind,2483.914
06/10/2019 14:00,Max,NEM,Battery,0.433
06/10/2019 14:00,Max,NEM,Biomass,12.416
06/10/2019 14:00,Max,NEM,Black coal,8315.946
06/10/2019 14:00,Max,NEM,Brown coal,2782.974
06/10/2019 14:00,Max,NEM,Distributed PV,3485.154
06/10/2019 14:00,Max,NEM,Gas,389.489
06/10/2019 14:00,Max,NEM,Hydro,807.239
06/10/2019 14:00,Max,NEM,Liquid Fuel,0.035
06/10/2019 14:00,Max,NEM,Utility-scale Solar,2121.003
06/10/2019 14:00,Max,NEM,Wind,3471.743
28/10/2019 04:30,Min,NEM,Battery,7.987
28/10/2019 04:30,Min,NEM,Biomass,44.383
28/10/2019 04:30,Min,NEM,Black coal,10949.578
28/10/2019 04:30,Min,NEM,Brown coal,3592.268
28/10/2019 04:30,Min,NEM,Distributed PV,0
28/10/2019 04:30,Min,NEM,Gas,2093.411
28/10/2019 04:30,Min,NEM,Hydro,836.263
28/10/2019 04:30,Min,NEM,Liquid Fuel,0.054
28/10/2019 04:30,Min,NEM,Utility-scale Solar,0.716
28/10/2019 04:30,Min,NEM,Wind,904.623
06/11/2019 12:00,Max,NEM,Battery,15.502
06/11/2019 12:00,Max,NEM,Biomass,38.466
06/11/2019 12:00,Max,NEM,Black coal,8529.828
06/11/2019 12:00,Max,NEM,Brown coal,3306.539
06/11/2019 12:00,Max,NEM,Distributed PV,5753.06
06/11/2019 12:00,Max,NEM,Gas,787.343
06/11/2019 12:00,Max,NEM,Hydro,471.775
06/11/2019 12:00,Max,NEM,Liquid Fuel,0.111
06/11/2019 12:00,Max,NEM,Utility-scale Solar,2111.984
06/11/2019 12:00,Max,NEM,Wind,3632.085
29/11/2019 04:00,Min,NEM,Battery,0.014
29/11/2019 04:00,Min,NEM,Biomass,33.95
29/11/2019 04:00,Min,NEM,Black coal,11792.542
29/11/2019 04:00,Min,NEM,Brown coal,4181.912
29/11/2019 04:00,Min,NEM,Distributed PV,0
29/11/2019 04:00,Min,NEM,Gas,1033.359
29/11/2019 04:00,Min,NEM,Hydro,1014.723
29/11/2019 04:00,Min,NEM,Liquid Fuel,0.019
29/11/2019 04:00,Min,NEM,Utility-scale Solar,0.209
29/11/2019 04:00,Min,NEM,Wind,700.088
02/12/2019 12:30,Max,NEM,Battery,0.073
02/12/2019 12:30,Max,NEM,Biomass,38.116
02/12/2019 12:30,Max,NEM,Black coal,9706.786
02/12/2019 12:30,Max,NEM,Brown coal,3985.718
02/12/2019 12:30,Max,NEM,Distributed PV,5209.739
02/12/2019 12:30,Max,NEM,Gas,569.273
02/12/2019 12:30,Max,NEM,Hydro,837.859
02/12/2019 12:30,Max,NEM,Liquid Fuel,0.019
02/12/2019 12:30,Max,NEM,Utility-scale Solar,2066.86
02/12/2019 12:30,Max,NEM,Wind,4157.045
29/12/2019 04:00,Min,NEM,Battery,2.109
29/12/2019 04:00,Min,NEM,Biomass,11.716
29/12/2019 04:00,Min,NEM,Black coal,11592.311
29/12/2019 04:00,Min,NEM,Brown coal,4137.016
29/12/2019 04:00,Min,NEM,Distributed PV,0
29/12/2019 04:00,Min,NEM,Gas,1107.05
29/12/2019 04:00,Min,NEM,Hydro,612.237
29/12/2019 04:00,Min,NEM,Liquid Fuel,0.24
29/12/2019 04:00,Min,NEM,Utility-scale Solar,0.693
29/12/2019 04:00,Min,NEM,Wind,617.56
01/01/2020 11:30,Max,NEM,Battery,11.511
01/01/2020 11:30,Max,NEM,Biomass,22.183
01/01/2020 11:30,Max,NEM,Black coal,9648.646
01/01/2020 11:30,Max,NEM,Brown coal,3652.171
01/01/2020 11:30,Max,NEM,Distributed PV,5980.972
01/01/2020 11:30,Max,NEM,Gas,658.689
01/01/2020 11:30,Max,NEM,Hydro,507.277
01/01/2020 11:30,Max,NEM,Liquid Fuel,0.243
01/01/2020 11:30,Max,NEM,Utility-scale Solar,2255.384
01/01/2020 11:30,Max,NEM,Wind,951.594
26/01/2020 05:30,Min,NEM,Battery,2.928
26/01/2020 05:30,Min,NEM,Biomass,28.05
26/01/2020 05:30,Min,NEM,Black coal,12013.516
26/01/2020 05:30,Min,NEM,Brown coal,4658.084
26/01/2020 05:30,Min,NEM,Distributed PV,4.906
26/01/2020 05:30,Min,NEM,Gas,1144.647
26/01/2020 05:30,Min,NEM,Hydro,836.455
26/01/2020 05:30,Min,NEM,Liquid Fuel,0.243
26/01/2020 05:30,Min,NEM,Utility-scale Solar,1.166
26/01/2020 05:30,Min,NEM,Wind,652.849
11/02/2020 04:00,Min,NEM,Battery,0.983
11/02/2020 04:00,Min,NEM,Biomass,29.316
11/02/2020 04:00,Min,NEM,Black coal,10996.312
11/02/2020 04:00,Min,NEM,Brown coal,4167.765
11/02/2020 04:00,Min,NEM,Distributed PV,0
11/02/2020 04:00,Min,NEM,Gas,1944.587
11/02/2020 04:00,Min,NEM,Hydro,614.482
11/02/2020 04:00,Min,NEM,Liquid Fuel,0.019
11/02/2020 04:00,Min,NEM,Utility-scale Solar,0.02
11/02/2020 04:00,Min,NEM,Wind,1166.54
28/02/2020 12:30,Max,NEM,Battery,0.012
28/02/2020 12:30,Max,NEM,Biomass,30.15
28/02/2020 12:30,Max,NEM,Black coal,11980.707
28/02/2020 12:30,Max,NEM,Brown coal,3801.828
28/02/2020 12:30,Max,NEM,Distributed PV,5809.043
28/02/2020 12:30,Max,NEM,Gas,941.802
28/02/2020 12:30,Max,NEM,Hydro,1605.527
28/02/2020 12:30,Max,NEM,Liquid Fuel,0.019
28/02/2020 12:30,Max,NEM,Utility-scale Solar,2303.894
28/02/2020 12:30,Max,NEM,Wind,685.889
01/03/2020 12:30,Max,NEM,Battery,5.565
01/03/2020 12:30,Max,NEM,Biomass,30.9
01/03/2020 12:30,Max,NEM,Black coal,9814.484
01/03/2020 12:30,Max,NEM,Brown coal,3696.256
01/03/2020 12:30,Max,NEM,Distributed PV,5803.072
01/03/2020 12:30,Max,NEM,Gas,558.581
01/03/2020 12:30,Max,NEM,Hydro,711.57
01/03/2020 12:30,Max,NEM,Liquid Fuel,0.019
01/03/2020 12:30,Max,NEM,Utility-scale Solar,2147.551
01/03/2020 12:30,Max,NEM,Wind,2592.66
21/03/2020 05:30,Min,NEM,Battery,9.721
21/03/2020 05:30,Min,NEM,Biomass,0
21/03/2020 05:30,Min,NEM,Black coal,10880.865
21/03/2020 05:30,Min,NEM,Brown coal,4110.908
21/03/2020 05:30,Min,NEM,Distributed PV,0
21/03/2020 05:30,Min,NEM,Gas,1560.603
21/03/2020 05:30,Min,NEM,Hydro,756.823
21/03/2020 05:30,Min,NEM,Liquid Fuel,0.019
21/03/2020 05:30,Min,NEM,Utility-scale Solar,0.619
21/03/2020 05:30,Min,NEM,Wind,912.898
11/04/2020 11:30,Max,NEM,Battery,6.133
11/04/2020 11:30,Max,NEM,Biomass,0
11/04/2020 11:30,Max,NEM,Black coal,8241.818
11/04/2020 11:30,Max,NEM,Brown coal,3000.918
11/04/2020 11:30,Max,NEM,Distributed PV,4723.039
11/04/2020 11:30,Max,NEM,Gas,528.296
11/04/2020 11:30,Max,NEM,Hydro,484.061
11/04/2020 11:30,Max,NEM,Liquid Fuel,0.019
11/04/2020 11:30,Max,NEM,Utility-scale Solar,2031.746
11/04/2020 11:30,Max,NEM,Wind,3795.166
19/04/2020 05:00,Min,NEM,Battery,5.033
19/04/2020 05:00,Min,NEM,Biomass,8
19/04/2020 05:00,Min,NEM,Black coal,10426.752
19/04/2020 05:00,Min,NEM,Brown coal,3937.869
19/04/2020 05:00,Min,NEM,Distributed PV,0
19/04/2020 05:00,Min,NEM,Gas,817.325
19/04/2020 05:00,Min,NEM,Hydro,1591.857
19/04/2020 05:00,Min,NEM,Liquid Fuel,0
19/04/2020 05:00,Min,NEM,Utility-scale Solar,0.496
19/04/2020 05:00,Min,NEM,Wind,103.369
28/05/2020 05:00,Min,NEM,Battery,3.941
28/05/2020 05:00,Min,NEM,Biomass,0
28/05/2020 05:00,Min,NEM,Black coal,10996.37
28/05/2020 05:00,Min,NEM,Brown coal,3210.749
28/05/2020 05:00,Min,NEM,Distributed PV,0
28/05/2020 05:00,Min,NEM,Gas,1961.152
28/05/2020 05:00,Min,NEM,Hydro,1693.832
28/05/2020 05:00,Min,NEM,Liquid Fuel,0
28/05/2020 05:00,Min,NEM,Utility-scale Solar,0.275
28/05/2020 05:00,Min,NEM,Wind,655.88
30/05/2020 12:30,Max,NEM,Battery,9.601
30/05/2020 12:30,Max,NEM,Biomass,0
30/05/2020 12:30,Max,NEM,Black coal,8431.594
30/05/2020 12:30,Max,NEM,Brown coal,3068.627
30/05/2020 12:30,Max,NEM,Distributed PV,4586.687
30/05/2020 12:30,Max,NEM,Gas,776.432
30/05/2020 12:30,Max,NEM,Hydro,493.385
30/05/2020 12:30,Max,NEM,Liquid Fuel,0
30/05/2020 12:30,Max,NEM,Utility-scale Solar,1783.429
30/05/2020 12:30,Max,NEM,Wind,3600.605
01/06/2020 12:00,Max,NEM,Battery,7.716
01/06/2020 12:00,Max,NEM,Biomass,0
01/06/2020 12:00,Max,NEM,Black coal,9872.028
01/06/2020 12:00,Max,NEM,Brown coal,4315.809
01/06/2020 12:00,Max,NEM,Distributed PV,3528.843
01/06/2020 12:00,Max,NEM,Gas,923.221
01/06/2020 12:00,Max,NEM,Hydro,1630.127
01/06/2020 12:00,Max,NEM,Liquid Fuel,0
01/06/2020 12:00,Max,NEM,Utility-scale Solar,1536.607
01/06/2020 12:00,Max,NEM,Wind,4053.745
06/06/2020 04:30,Min,NEM,Battery,0
06/06/2020 04:30,Min,NEM,Biomass,31.35
06/06/2020 04:30,Min,NEM,Black coal,11277.745
06/06/2020 04:30,Min,NEM,Brown coal,4731.181
06/06/2020 04:30,Min,NEM,Distributed PV,0
06/06/2020 04:30,Min,NEM,Gas,1462.744
06/06/2020 04:30,Min,NEM,Hydro,1194.515
06/06/2020 04:30,Min,NEM,Liquid Fuel,0.003
06/06/2020 04:30,Min,NEM,Utility-scale Solar,0.547
06/06/2020 04:30,Min,NEM,Wind,279.303
19/07/2020 12:30,Max,NEM,Battery,0
19/07/2020 12:30,Max,NEM,Biomass,30.2
19/07/2020 12:30,Max,NEM,Black coal,8391.056
19/07/2020 12:30,Max,NEM,Brown coal,3112.27
19/07/2020 12:30,Max,NEM,Distributed PV,4545.412
19/07/2020 12:30,Max,NEM,Gas,669.591
19/07/2020 12:30,Max,NEM,Hydro,499.487
19/07/2020 12:30,Max,NEM,Liquid Fuel,0.004
19/07/2020 12:30,Max,NEM,Utility-scale Solar,1939.039
19/07/2020 12:30,Max,NEM,Wind,3927.032
29/07/2020 04:30,Min,NEM,Battery,2.1
29/07/2020 04:30,Min,NEM,Biomass,0
29/07/2020 04:30,Min,NEM,Black coal,10950.801
29/07/2020 04:30,Min,NEM,Brown coal,4136.029
29/07/2020 04:30,Min,NEM,Distributed PV,0
29/07/2020 04:30,Min,NEM,Gas,2446.983
29/07/2020 04:30,Min,NEM,Hydro,927.373
29/07/2020 04:30,Min,NEM,Liquid Fuel,0.022
29/07/2020 04:30,Min,NEM,Utility-scale Solar,0
29/07/2020 04:30,Min,NEM,Wind,760.792
03/08/2020 03:30,Min,NEM,Battery,0
03/08/2020 03:30,Min,NEM,Biomass,0
03/08/2020 03:30,Min,NEM,Black coal,11000.797
03/08/2020 03:30,Min,NEM,Brown coal,4163.075
03/08/2020 03:30,Min,NEM,Distributed PV,0
03/08/2020 03:30,Min,NEM,Gas,1971.782
03/08/2020 03:30,Min,NEM,Hydro,463.012
03/08/2020 03:30,Min,NEM,Liquid Fuel,0
03/08/2020 03:30,Min,NEM,Utility-scale Solar,0.92
03/08/2020 03:30,Min,NEM,Wind,1017.211
20/08/2020 12:30,Max,NEM,Battery,7.366
20/08/2020 12:30,Max,NEM,Biomass,49.05
20/08/2020 12:30,Max,NEM,Black coal,9497.765
20/08/2020 12:30,Max,NEM,Brown coal,2851.713
20/08/2020 12:30,Max,NEM,Distributed PV,5284.505
20/08/2020 12:30,Max,NEM,Gas,557.172
20/08/2020 12:30,Max,NEM,Hydro,859.704
20/08/2020 12:30,Max,NEM,Liquid Fuel,0
20/08/2020 12:30,Max,NEM,Utility-scale Solar,2178.28
20/08/2020 12:30,Max,NEM,Wind,4282.217
06/09/2020 01:00,Min,NEM,Battery,6.895
06/09/2020 01:00,Min,NEM,Biomass,42.316
06/09/2020 01:00,Min,NEM,Black coal,11951.191
06/09/2020 01:00,Min,NEM,Brown coal,3902.437
06/09/2020 01:00,Min,NEM,Distributed PV,0
06/09/2020 01:00,Min,NEM,Gas,1332.741
06/09/2020 01:00,Min,NEM,Hydro,1690.061
06/09/2020 01:00,Min,NEM,Liquid Fuel,0
06/09/2020 01:00,Min,NEM,Utility-scale Solar,0.019
06/09/2020 01:00,Min,NEM,Wind,835.436
22/09/2020 11:30,Max,NEM,Battery,28.328
22/09/2020 11:30,Max,NEM,Biomass,48.366
22/09/2020 11:30,Max,NEM,Black coal,8355.907
22/09/2020 11:30,Max,NEM,Brown coal,3095.701
22/09/2020 11:30,Max,NEM,Distributed PV,5748.911
22/09/2020 11:30,Max,NEM,Gas,640.85
22/09/2020 11:30,Max,NEM,Hydro,460.168
22/09/2020 11:30,Max,NEM,Liquid Fuel,0
22/09/2020 11:30,Max,NEM,Utility-scale Solar,2304.39
22/09/2020 11:30,Max,NEM,Wind,4293.285
03/10/2020 11:00,Max,NEM,Battery,0
03/10/2020 11:00,Max,NEM,Biomass,23.516
03/10/2020 11:00,Max,NEM,Black coal,7209.152
03/10/2020 11:00,Max,NEM,Brown coal,2665.021
03/10/2020 11:00,Max,NEM,Distributed PV,6061.541
03/10/2020 11:00,Max,NEM,Gas,426.583
03/10/2020 11:00,Max,NEM,Hydro,528.957
03/10/2020 11:00,Max,NEM,Liquid Fuel,0
03/10/2020 11:00,Max,NEM,Utility-scale Solar,2313.446
03/10/2020 11:00,Max,NEM,Wind,3273.325
28/10/2020 23:30,Min,NEM,Battery,28.661
28/10/2020 23:30,Min,NEM,Biomass,27.533
28/10/2020 23:30,Min,NEM,Black coal,11955.331
28/10/2020 23:30,Min,NEM,Brown coal,3287.741
28/10/2020 23:30,Min,NEM,Distributed PV,0
28/10/2020 23:30,Min,NEM,Gas,1969.79
28/10/2020 23:30,Min,NEM,Hydro,1971.663
28/10/2020 23:30,Min,NEM,Liquid Fuel,0
28/10/2020 23:30,Min,NEM,Utility-scale Solar,0
28/10/2020 23:30,Min,NEM,Wind,937.556
15/11/2020 11:30,Max,NEM,Battery,9.179
15/11/2020 11:30,Max,NEM,Biomass,46.816
15/11/2020 11:30,Max,NEM,Black coal,8320.635
15/11/2020 11:30,Max,NEM,Brown coal,2759.716
15/11/2020 11:30,Max,NEM,Distributed PV,6575.09
15/11/2020 11:30,Max,NEM,Gas,420.615
15/11/2020 11:30,Max,NEM,Hydro,652.528
15/11/2020 11:30,Max,NEM,Liquid Fuel,0
15/11/2020 11:30,Max,NEM,Utility-scale Solar,2668.399
15/11/2020 11:30,Max,NEM,Wind,3238.01
24/11/2020 04:30,Min,NEM,Battery,5.107
24/11/2020 04:30,Min,NEM,Biomass,29.9
24/11/2020 04:30,Min,NEM,Black coal,11429.561
24/11/2020 04:30,Min,NEM,Brown coal,4333.535
24/11/2020 04:30,Min,NEM,Distributed PV,0
24/11/2020 04:30,Min,NEM,Gas,952.444
24/11/2020 04:30,Min,NEM,Hydro,692.91
24/11/2020 04:30,Min,NEM,Liquid Fuel,0.224
24/11/2020 04:30,Min,NEM,Utility-scale Solar,0.09
24/11/2020 04:30,Min,NEM,Wind,1141.734
06/12/2020 12:00,Max,NEM,Battery,26.57
06/12/2020 12:00,Max,NEM,Biomass,28.883
06/12/2020 12:00,Max,NEM,Black coal,8313.029
06/12/2020 12:00,Max,NEM,Brown coal,3059.114
06/12/2020 12:00,Max,NEM,Distributed PV,6636.098
06/12/2020 12:00,Max,NEM,Gas,728.108
06/12/2020 12:00,Max,NEM,Hydro,623.487
06/12/2020 12:00,Max,NEM,Liquid Fuel,0
06/12/2020 12:00,Max,NEM,Utility-scale Solar,2336.303
06/12/2020 12:00,Max,NEM,Wind,3321.588
21/12/2020 04:00,Min,NEM,Battery,13.025
21/12/2020 04:00,Min,NEM,Biomass,0
21/12/2020 04:00,Min,NEM,Black coal,11006.548
21/12/2020 04:00,Min,NEM,Brown coal,4358.041
21/12/2020 04:00,Min,NEM,Distributed PV,0
21/12/2020 04:00,Min,NEM,Gas,836.467
21/12/2020 04:00,Min,NEM,Hydro,697.881
21/12/2020 04:00,Min,NEM,Liquid Fuel,0
21/12/2020 04:00,Min,NEM,Utility-scale Solar,0
21/12/2020 04:00,Min,NEM,Wind,1530.89
17/01/2021 13:30,Max,NEM,Battery,0.007
17/01/2021 13:30,Max,NEM,Biomass,29.4
17/01/2021 13:30,Max,NEM,Black coal,8465.588
17/01/2021 13:30,Max,NEM,Brown coal,2639.04
17/01/2021 13:30,Max,NEM,Distributed PV,6738.789
17/01/2021 13:30,Max,NEM,Gas,547.458
17/01/2021 13:30,Max,NEM,Hydro,571.753
17/01/2021 13:30,Max,NEM,Liquid Fuel,0.224
17/01/2021 13:30,Max,NEM,Utility-scale Solar,2787.497
17/01/2021 13:30,Max,NEM,Wind,2083.737
22/01/2021 04:00,Min,NEM,Battery,74.456
22/01/2021 04:00,Min,NEM,Biomass,34.266
22/01/2021 04:00,Min,NEM,Black coal,10654.191
22/01/2021 04:00,Min,NEM,Brown coal,4808.135
22/01/2021 04:00,Min,NEM,Distributed PV,0
22/01/2021 04:00,Min,NEM,Gas,973.191
22/01/2021 04:00,Min,NEM,Hydro,916.74
22/01/2021 04:00,Min,NEM,Liquid Fuel,82.55
22/01/2021 04:00,Min,NEM,Utility-scale Solar,0
22/01/2021 04:00,Min,NEM,Wind,1194.395
22/02/2021 12:00,Max,NEM,Battery,1.725
22/02/2021 12:00,Max,NEM,Biomass,28.933
22/02/2021 12:00,Max,NEM,Black coal,10878.396
22/02/2021 12:00,Max,NEM,Brown coal,3406.09
22/02/2021 12:00,Max,NEM,Distributed PV,7053.981
22/02/2021 12:00,Max,NEM,Gas,663.882
22/02/2021 12:00,Max,NEM,Hydro,592.27
22/02/2021 12:00,Max,NEM,Liquid Fuel,0
22/02/2021 12:00,Max,NEM,Utility-scale Solar,3201.365
22/02/2021 12:00,Max,NEM,Wind,3226.352
28/02/2021 02:00,Min,NEM,Battery,5.308
28/02/2021 02:00,Min,NEM,Biomass,0
28/02/2021 02:00,Min,NEM,Black coal,11221.878
28/02/2021 02:00,Min,NEM,Brown coal,4220.712
28/02/2021 02:00,Min,NEM,Distributed PV,0
28/02/2021 02:00,Min,NEM,Gas,1303.924
28/02/2021 02:00,Min,NEM,Hydro,1093.043
28/02/2021 02:00,Min,NEM,Liquid Fuel,0
28/02/2021 02:00,Min,NEM,Utility-scale Solar,0.171
28/02/2021 02:00,Min,NEM,Wind,730.739
01/03/2021 02:00,Min,NEM,Battery,5.716
01/03/2021 02:00,Min,NEM,Biomass,0
01/03/2021 02:00,Min,NEM,Black coal,10824.862
01/03/2021 02:00,Min,NEM,Brown coal,4629.825
01/03/2021 02:00,Min,NEM,Distributed PV,0
01/03/2021 02:00,Min,NEM,Gas,1070.834
01/03/2021 02:00,Min,NEM,Hydro,852.531
01/03/2021 02:00,Min,NEM,Liquid Fuel,0
01/03/2021 02:00,Min,NEM,Utility-scale Solar,0.146
01/03/2021 02:00,Min,NEM,Wind,1413.038
27/03/2021 13:00,Max,NEM,Battery,0.092
27/03/2021 13:00,Max,NEM,Biomass,0
27/03/2021 13:00,Max,NEM,Black coal,8023.11
27/03/2021 13:00,Max,NEM,Brown coal,2817.482
27/03/2021 13:00,Max,NEM,Distributed PV,6202.002
27/03/2021 13:00,Max,NEM,Gas,637.49
27/03/2021 13:00,Max,NEM,Hydro,515.157
27/03/2021 13:00,Max,NEM,Liquid Fuel,0
27/03/2021 13:00,Max,NEM,Utility-scale Solar,2856.719
27/03/2021 13:00,Max,NEM,Wind,2522.478
11/04/2021 11:30,Max,NEM,Battery,0
11/04/2021 11:30,Max,NEM,Biomass,0
11/04/2021 11:30,Max,NEM,Black coal,7013.815
11/04/2021 11:30,Max,NEM,Brown coal,2830.023
11/04/2021 11:30,Max,NEM,Distributed PV,5656.768
11/04/2021 11:30,Max,NEM,Gas,443.145
11/04/2021 11:30,Max,NEM,Hydro,572.048
11/04/2021 11:30,Max,NEM,Liquid Fuel,0
11/04/2021 11:30,Max,NEM,Utility-scale Solar,2253.276
11/04/2021 11:30,Max,NEM,Wind,4073.945
29/04/2021 05:00,Min,NEM,Battery,0.015
29/04/2021 05:00,Min,NEM,Biomass,0
29/04/2021 05:00,Min,NEM,Black coal,11391.844
29/04/2021 05:00,Min,NEM,Brown coal,4387.691
29/04/2021 05:00,Min,NEM,Distributed PV,0
29/04/2021 05:00,Min,NEM,Gas,920.38
29/04/2021 05:00,Min,NEM,Hydro,1509.948
29/04/2021 05:00,Min,NEM,Liquid Fuel,0
29/04/2021 05:00,Min,NEM,Utility-scale Solar,0.121
29/04/2021 05:00,Min,NEM,Wind,684.749
03/05/2021 04:30,Min,NEM,Battery,3.69
03/05/2021 04:30,Min,NEM,Biomass,0
03/05/2021 04:30,Min,NEM,Black coal,10459.821
03/05/2021 04:30,Min,NEM,Brown coal,4351.925
03/05/2021 04:30,Min,NEM,Distributed PV,0
03/05/2021 04:30,Min,NEM,Gas,668.975
03/05/2021 04:30,Min,NEM,Hydro,909.373
03/05/2021 04:30,Min,NEM,Liquid Fuel,0
03/05/2021 04:30,Min,NEM,Utility-scale Solar,0.04
03/05/2021 04:30,Min,NEM,Wind,1170.806
13/05/2021 12:30,Max,NEM,Battery,3.768
13/05/2021 12:30,Max,NEM,Biomass,13.083
13/05/2021 12:30,Max,NEM,Black coal,8817.776
13/05/2021 12:30,Max,NEM,Brown coal,3095.884
13/05/2021 12:30,Max,NEM,Distributed PV,5224.974
13/05/2021 12:30,Max,NEM,Gas,590.718
13/05/2021 12:30,Max,NEM,Hydro,1670.975
13/05/2021 12:30,Max,NEM,Liquid Fuel,4.556
13/05/2021 12:30,Max,NEM,Utility-scale Solar,2630.034
13/05/2021 12:30,Max,NEM,Wind,3248.53
05/06/2021 12:00,Max,NEM,Battery,0
05/06/2021 12:00,Max,NEM,Biomass,1.516
05/06/2021 12:00,Max,NEM,Black coal,8424.626
05/06/2021 12:00,Max,NEM,Brown coal,3489.484
05/06/2021 12:00,Max,NEM,Distributed PV,5229.838
05/06/2021 12:00,Max,NEM,Gas,832.081
05/06/2021 12:00,Max,NEM,Hydro,744.222
05/06/2021 12:00,Max,NEM,Liquid Fuel,0
05/06/2021 12:00,Max,NEM,Utility-scale Solar,2596.76
05/06/2021 12:00,Max,NEM,Wind,3865.957
21/06/2021 02:00,Min,NEM,Battery,0.001
21/06/2021 02:00,Min,NEM,Biomass,17.333
21/06/2021 02:00,Min,NEM,Black coal,12189.542
21/06/2021 02:00,Min,NEM,Brown coal,3544.96
21/06/2021 02:00,Min,NEM,Distributed PV,0
21/06/2021 02:00,Min,NEM,Gas,2249.961
21/06/2021 02:00,Min,NEM,Hydro,1764.608
21/06/2021 02:00,Min,NEM,Liquid Fuel,0
21/06/2021 02:00,Min,NEM,Utility-scale Solar,0.215
21/06/2021 02:00,Min,NEM,Wind,805.176
05/07/2021 05:00,Min,NEM,Battery,0.786
05/07/2021 05:00,Min,NEM,Biomass,31.75
05/07/2021 05:00,Min,NEM,Black coal,11240.094
05/07/2021 05:00,Min,NEM,Brown coal,4776.044
05/07/2021 05:00,Min,NEM,Distributed PV,0
05/07/2021 05:00,Min,NEM,Gas,1300.625
05/07/2021 05:00,Min,NEM,Hydro,1283.52
05/07/2021 05:00,Min,NEM,Liquid Fuel,0
05/07/2021 05:00,Min,NEM,Utility-scale Solar,0.175
05/07/2021 05:00,Min,NEM,Wind,1575.631
25/07/2021 12:00,Max,NEM,Battery,0
25/07/2021 12:00,Max,NEM,Biomass,27.916
25/07/2021 12:00,Max,NEM,Black coal,8283.969
25/07/2021 12:00,Max,NEM,Brown coal,3653.771
25/07/2021 12:00,Max,NEM,Distributed PV,5606.26
25/07/2021 12:00,Max,NEM,Gas,415.771
25/07/2021 12:00,Max,NEM,Hydro,629.565
25/07/2021 12:00,Max,NEM,Liquid Fuel,0
25/07/2021 12:00,Max,NEM,Utility-scale Solar,2366.788
25/07/2021 12:00,Max,NEM,Wind,5299.138
22/08/2021 13:00,Max,NEM,Battery,0.02
22/08/2021 13:00,Max,NEM,Biomass,13.1
22/08/2021 13:00,Max,NEM,Black coal,7007.753
22/08/2021 13:00,Max,NEM,Brown coal,2399.152
22/08/2021 13:00,Max,NEM,Distributed PV,7241.478
22/08/2021 13:00,Max,NEM,Gas,429.742
22/08/2021 13:00,Max,NEM,Hydro,506.573
22/08/2021 13:00,Max,NEM,Liquid Fuel,0
22/08/2021 13:00,Max,NEM,Utility-scale Solar,2039.585
22/08/2021 13:00,Max,NEM,Wind,2916.822
27/08/2021 03:30,Min,NEM,Battery,0.053
27/08/2021 03:30,Min,NEM,Biomass,54.133
27/08/2021 03:30,Min,NEM,Black coal,11752.81
27/08/2021 03:30,Min,NEM,Brown coal,3748.974
27/08/2021 03:30,Min,NEM,Distributed PV,0
27/08/2021 03:30,Min,NEM,Gas,1610.161
27/08/2021 03:30,Min,NEM,Hydro,1784.013
27/08/2021 03:30,Min,NEM,Liquid Fuel,0
27/08/2021 03:30,Min,NEM,Utility-scale Solar,0.035
27/08/2021 03:30,Min,NEM,Wind,808.845
01/09/2021 02:30,Min,NEM,Battery,0.933
01/09/2021 02:30,Min,NEM,Biomass,9.466
01/09/2021 02:30,Min,NEM,Black coal,11518.875
01/09/2021 02:30,Min,NEM,Brown coal,3749.765
01/09/2021 02:30,Min,NEM,Distributed PV,0
01/09/2021 02:30,Min,NEM,Gas,1177.264
01/09/2021 02:30,Min,NEM,Hydro,1482.924
01/09/2021 02:30,Min,NEM,Liquid Fuel,0
01/09/2021 02:30,Min,NEM,Utility-scale Solar,0.013
01/09/2021 02:30,Min,NEM,Wind,1246.069
24/09/2021 13:30,Max,NEM,Battery,0.032
24/09/2021 13:30,Max,NEM,Biomass,22.216
24/09/2021 13:30,Max,NEM,Black coal,6986.738
24/09/2021 13:30,Max,NEM,Brown coal,2056.838
24/09/2021 13:30,Max,NEM,Distributed PV,7534.548
24/09/2021 13:30,Max,NEM,Gas,344.198
24/09/2021 13:30,Max,NEM,Hydro,522.774
24/09/2021 13:30,Max,NEM,Liquid Fuel,0
24/09/2021 13:30,Max,NEM,Utility-scale Solar,2949.421
24/09/2021 13:30,Max,NEM,Wind,3961.535
05/10/2021 12:30,Max,NEM,Battery,2.235
05/10/2021 12:30,Max,NEM,Biomass,15.733
05/10/2021 12:30,Max,NEM,Black coal,7187.322
05/10/2021 12:30,Max,NEM,Brown coal,2752.512
05/10/2021 12:30,Max,NEM,Distributed PV,8149.256
05/10/2021 12:30,Max,NEM,Gas,439.145
05/10/2021 12:30,Max,NEM,Hydro,608.612
05/10/2021 12:30,Max,NEM,Liquid Fuel,0
05/10/2021 12:30,Max,NEM,Utility-scale Solar,2808.923
05/10/2021 12:30,Max,NEM,Wind,3831.746
08/10/2021 00:00,Min,NEM,Battery,19.969
08/10/2021 00:00,Min,NEM,Biomass,11.666
08/10/2021 00:00,Min,NEM,Black coal,12076.125
08/10/2021 00:00,Min,NEM,Brown coal,4226.03
08/10/2021 00:00,Min,NEM,Distributed PV,0
08/10/2021 00:00,Min,NEM,Gas,1194.32
08/10/2021 00:00,Min,NEM,Hydro,1745.771
08/10/2021 00:00,Min,NEM,Liquid Fuel,0
08/10/2021 00:00,Min,NEM,Utility-scale Solar,0.069
08/10/2021 00:00,Min,NEM,Wind,1232.612
09/11/2021 03:30,Min,NEM,Battery,5.297
09/11/2021 03:30,Min,NEM,Biomass,36.55
09/11/2021 03:30,Min,NEM,Black coal,10607.804
09/11/2021 03:30,Min,NEM,Brown coal,3760.832
09/11/2021 03:30,Min,NEM,Distributed PV,0
09/11/2021 03:30,Min,NEM,Gas,1041.953
09/11/2021 03:30,Min,NEM,Hydro,1849.073
09/11/2021 03:30,Min,NEM,Liquid Fuel,0
09/11/2021 03:30,Min,NEM,Utility-scale Solar,0.066
09/11/2021 03:30,Min,NEM,Wind,968.366
15/11/2021 11:30,Max,NEM,Battery,1.343
15/11/2021 11:30,Max,NEM,Biomass,0
15/11/2021 11:30,Max,NEM,Black coal,7416.277
15/11/2021 11:30,Max,NEM,Brown coal,2373.529
15/11/2021 11:30,Max,NEM,Distributed PV,8618.066
15/11/2021 11:30,Max,NEM,Gas,407.517
15/11/2021 11:30,Max,NEM,Hydro,529.081
15/11/2021 11:30,Max,NEM,Liquid Fuel,0
15/11/2021 11:30,Max,NEM,Utility-scale Solar,2841.497
15/11/2021 11:30,Max,NEM,Wind,4545.094
15/12/2021 05:00,Min,NEM,Battery,23.626
15/12/2021 05:00,Min,NEM,Biomass,39.133
15/12/2021 05:00,Min,NEM,Black coal,11072.913
15/12/2021 05:00,Min,NEM,Brown coal,4330.693
15/12/2021 05:00,Min,NEM,Distributed PV,18.477
15/12/2021 05:00,Min,NEM,Gas,639.814
15/12/2021 05:00,Min,NEM,Hydro,1570.7
15/12/2021 05:00,Min,NEM,Liquid Fuel,0
15/12/2021 05:00,Min,NEM,Utility-scale Solar,1.426
15/12/2021 05:00,Min,NEM,Wind,1309.965
31/12/2021 11:00,Max,NEM,Battery,7.011
31/12/2021 11:00,Max,NEM,Biomass,0
31/12/2021 11:00,Max,NEM,Black coal,8000.227
31/12/2021 11:00,Max,NEM,Brown coal,3014.234
31/12/2021 11:00,Max,NEM,Distributed PV,8259.773
31/12/2021 11:00,Max,NEM,Gas,283.335
31/12/2021 11:00,Max,NEM,Hydro,622.163
31/12/2021 11:00,Max,NEM,Liquid Fuel,0
31/12/2021 11:00,Max,NEM,Utility-scale Solar,4291.381
31/12/2021 11:00,Max,NEM,Wind,3180.704
03/01/2022 11:00,Max,NEM,Battery,25.221
03/01/2022 11:00,Max,NEM,Biomass,0
03/01/2022 11:00,Max,NEM,Black coal,7914.262
03/01/2022 11:00,Max,NEM,Brown coal,2671.89
03/01/2022 11:00,Max,NEM,Distributed PV,8607.994
03/01/2022 11:00,Max,NEM,Gas,250.122
03/01/2022 11:00,Max,NEM,Hydro,680.154
03/01/2022 11:00,Max,NEM,Liquid Fuel,0
03/01/2022 11:00,Max,NEM,Utility-scale Solar,3707.589
03/01/2022 11:00,Max,NEM,Wind,1730.412
25/01/2022 05:00,Min,NEM,Battery,16.376
25/01/2022 05:00,Min,NEM,Biomass,29.833
25/01/2022 05:00,Min,NEM,Black coal,11890.533
25/01/2022 05:00,Min,NEM,Brown coal,4487.807
25/01/2022 05:00,Min,NEM,Distributed PV,0
25/01/2022 05:00,Min,NEM,Gas,1734.583
25/01/2022 05:00,Min,NEM,Hydro,1550.856
25/01/2022 05:00,Min,NEM,Liquid Fuel,0
25/01/2022 05:00,Min,NEM,Utility-scale Solar,0.099
25/01/2022 05:00,Min,NEM,Wind,1105.669
06/02/2022 12:30,Max,NEM,Battery,4.009
06/02/2022 12:30,Max,NEM,Biomass,28.266
06/02/2022 12:30,Max,NEM,Black coal,7082.875
06/02/2022 12:30,Max,NEM,Brown coal,2204.155
06/02/2022 12:30,Max,NEM,Distributed PV,7916.817
06/02/2022 12:30,Max,NEM,Gas,270.778
06/02/2022 12:30,Max,NEM,Hydro,722.602
06/02/2022 12:30,Max,NEM,Liquid Fuel,0
06/02/2022 12:30,Max,NEM,Utility-scale Solar,4102.925
06/02/2022 12:30,Max,NEM,Wind,2446.911
20/02/2022 04:30,Min,NEM,Battery,5.991
20/02/2022 04:30,Min,NEM,Biomass,0
20/02/2022 04:30,Min,NEM,Black coal,10222.085
20/02/2022 04:30,Min,NEM,Brown coal,3978.512
20/02/2022 04:30,Min,NEM,Distributed PV,0
20/02/2022 04:30,Min,NEM,Gas,1263.711
20/02/2022 04:30,Min,NEM,Hydro,1469.634
20/02/2022 04:30,Min,NEM,Liquid Fuel,0
20/02/2022 04:30,Min,NEM,Utility-scale Solar,0.2
20/02/2022 04:30,Min,NEM,Wind,1027.211
21/03/2022 23:00,Min,NEM,Battery,23.163
21/03/2022 23:00,Min,NEM,Biomass,0
21/03/2022 23:00,Min,NEM,Black coal,11781.064
21/03/2022 23:00,Min,NEM,Brown coal,4199.193
21/03/2022 23:00,Min,NEM,Distributed PV,0
21/03/2022 23:00,Min,NEM,Gas,2699.409
21/03/2022 23:00,Min,NEM,Hydro,1572.539
21/03/2022 23:00,Min,NEM,Liquid Fuel,0.045
21/03/2022 23:00,Min,NEM,Utility-scale Solar,0
21/03/2022 23:00,Min,NEM,Wind,899.935
31/03/2022 12:00,Max,NEM,Battery,25.738
31/03/2022 12:00,Max,NEM,Biomass,0
31/03/2022 12:00,Max,NEM,Black coal,8646.076
31/03/2022 12:00,Max,NEM,Brown coal,2513.851
31/03/2022 12:00,Max,NEM,Distributed PV,6339.484
31/03/2022 12:00,Max,NEM,Gas,812.004
31/03/2022 12:00,Max,NEM,Hydro,948.284
31/03/2022 12:00,Max,NEM,Liquid Fuel,0.008
31/03/2022 12:00,Max,NEM,Utility-scale Solar,3471.849
31/03/2022 12:00,Max,NEM,Wind,4229.487
17/04/2022 11:30,Max,NEM,Battery,8.225
17/04/2022 11:30,Max,NEM,Biomass,0
17/04/2022 11:30,Max,NEM,Black coal,7138.666
17/04/2022 11:30,Max,NEM,Brown coal,2099.68
17/04/2022 11:30,Max,NEM,Distributed PV,6939.105
17/04/2022 11:30,Max,NEM,Gas,237.254
17/04/2022 11:30,Max,NEM,Hydro,397.192
17/04/2022 11:30,Max,NEM,Liquid Fuel,0.045
17/04/2022 11:30,Max,NEM,Utility-scale Solar,3445.092
17/04/2022 11:30,Max,NEM,Wind,2666.37
19/04/2022 01:00,Min,NEM,Battery,10.194
19/04/2022 01:00,Min,NEM,Biomass,0
19/04/2022 01:00,Min,NEM,Black coal,10230.26
19/04/2022 01:00,Min,NEM,Brown coal,3854.495
19/04/2022 01:00,Min,NEM,Distributed PV,0
19/04/2022 01:00,Min,NEM,Gas,2529.582
19/04/2022 01:00,Min,NEM,Hydro,1427.029
19/04/2022 01:00,Min,NEM,Liquid Fuel,0
19/04/2022 01:00,Min,NEM,Utility-scale Solar,0.173
19/04/2022 01:00,Min,NEM,Wind,1023.37
03/05/2022 12:00,Max,NEM,Battery,0.028
03/05/2022 12:00,Max,NEM,Biomass,0
03/05/2022 12:00,Max,NEM,Black coal,7838.259
03/05/2022 12:00,Max,NEM,Brown coal,2638.306
03/05/2022 12:00,Max,NEM,Distributed PV,7094.785
03/05/2022 12:00,Max,NEM,Gas,639.358
03/05/2022 12:00,Max,NEM,Hydro,542.587
03/05/2022 12:00,Max,NEM,Liquid Fuel,6.308
03/05/2022 12:00,Max,NEM,Utility-scale Solar,3531.103
03/05/2022 12:00,Max,NEM,Wind,2851.496
13/05/2022 04:00,Min,NEM,Battery,14.488
13/05/2022 04:00,Min,NEM,Biomass,0
13/05/2022 04:00,Min,NEM,Black coal,9554.65
13/05/2022 04:00,Min,NEM,Brown coal,3933.197
13/05/2022 04:00,Min,NEM,Distributed PV,0
13/05/2022 04:00,Min,NEM,Gas,2357.941
13/05/2022 04:00,Min,NEM,Hydro,1826.519
13/05/2022 04:00,Min,NEM,Liquid Fuel,93.949
13/05/2022 04:00,Min,NEM,Utility-scale Solar,0.138
13/05/2022 04:00,Min,NEM,Wind,1040.783
16/06/2022 23:00,Min,NEM,Battery,1.014
16/06/2022 23:00,Min,NEM,Biomass,0
16/06/2022 23:00,Min,NEM,Black coal,11614.216
16/06/2022 23:00,Min,NEM,Brown coal,3880.091
16/06/2022 23:00,Min,NEM,Distributed PV,0
16/06/2022 23:00,Min,NEM,Gas,4400.698
16/06/2022 23:00,Min,NEM,Hydro,2771.097
16/06/2022 23:00,Min,NEM,Liquid Fuel,122.867
16/06/2022 23:00,Min,NEM,Utility-scale Solar,0.21
16/06/2022 23:00,Min,NEM,Wind,1213.608
25/06/2022 12:00,Max,NEM,Battery,0.23
25/06/2022 12:00,Max,NEM,Biomass,6.7
25/06/2022 12:00,Max,NEM,Black coal,7679.899
25/06/2022 12:00,Max,NEM,Brown coal,2901.733
25/06/2022 12:00,Max,NEM,Distributed PV,6151.042
25/06/2022 12:00,Max,NEM,Gas,416.775
25/06/2022 12:00,Max,NEM,Hydro,993.489
25/06/2022 12:00,Max,NEM,Liquid Fuel,0
25/06/2022 12:00,Max,NEM,Utility-scale Solar,2809.374
25/06/2022 12:00,Max,NEM,Wind,4010.144
23/07/2022 23:00,Min,NEM,Battery,8.151
23/07/2022 23:00,Min,NEM,Biomass,8.85
23/07/2022 23:00,Min,NEM,Black coal,12824.045
23/07/2022 23:00,Min,NEM,Brown coal,4259.974
23/07/2022 23:00,Min,NEM,Distributed PV,0
23/07/2022 23:00,Min,NEM,Gas,3001.868
23/07/2022 23:00,Min,NEM,Hydro,1658.528
23/07/2022 23:00,Min,NEM,Liquid Fuel,31.75
23/07/2022 23:00,Min,NEM,Utility-scale Solar,0.183
23/07/2022 23:00,Min,NEM,Wind,1864.708
30/07/2022 11:30,Max,NEM,Battery,35.446
30/07/2022 11:30,Max,NEM,Biomass,15.116
30/07/2022 11:30,Max,NEM,Black coal,8269.927
30/07/2022 11:30,Max,NEM,Brown coal,2885.893
30/07/2022 11:30,Max,NEM,Distributed PV,6824.102
30/07/2022 11:30,Max,NEM,Gas,270.35
30/07/2022 11:30,Max,NEM,Hydro,997.668
30/07/2022 11:30,Max,NEM,Liquid Fuel,0
30/07/2022 11:30,Max,NEM,Utility-scale Solar,3731.891
30/07/2022 11:30,Max,NEM,Wind,4093.954
07/08/2022 23:30,Min,NEM,Battery,15.387
07/08/2022 23:30,Min,NEM,Biomass,44.9
07/08/2022 23:30,Min,NEM,Black coal,12002.782
07/08/2022 23:30,Min,NEM,Brown coal,3956.543
07/08/2022 23:30,Min,NEM,Distributed PV,0
07/08/2022 23:30,Min,NEM,Gas,3411.697
07/08/2022 23:30,Min,NEM,Hydro,2304.909
07/08/2022 23:30,Min,NEM,Liquid Fuel,0
07/08/2022 23:30,Min,NEM,Utility-scale Solar,-0.118
07/08/2022 23:30,Min,NEM,Wind,784.857
19/08/2022 13:00,Max,NEM,Battery,0.715
19/08/2022 13:00,Max,NEM,Biomass,17.983
19/08/2022 13:00,Max,NEM,Black coal,8004.94
19/08/2022 13:00,Max,NEM,Brown coal,2102.283
19/08/2022 13:00,Max,NEM,Distributed PV,7660.601
19/08/2022 13:00,Max,NEM,Gas,387.007
19/08/2022 13:00,Max,NEM,Hydro,696.442
19/08/2022 13:00,Max,NEM,Liquid Fuel,0
19/08/2022 13:00,Max,NEM,Utility-scale Solar,2787.684
19/08/2022 13:00,Max,NEM,Wind,4461.818
18/09/2022 11:30,Max,NEM,Battery,16.099
18/09/2022 11:30,Max,NEM,Biomass,16.733
18/09/2022 11:30,Max,NEM,Black coal,6552.007
18/09/2022 11:30,Max,NEM,Brown coal,2110.432
18/09/2022 11:30,Max,NEM,Distributed PV,8032.431
18/09/2022 11:30,Max,NEM,Gas,222.353
18/09/2022 11:30,Max,NEM,Hydro,594.389
18/09/2022 11:30,Max,NEM,Liquid Fuel,0
18/09/2022 11:30,Max,NEM,Utility-scale Solar,2694.329
18/09/2022 11:30,Max,NEM,Wind,4544.137
23/09/2022 04:30,Min,NEM,Battery,4.947
23/09/2022 04:30,Min,NEM,Biomass,42.45
23/09/2022 04:30,Min,NEM,Black coal,9544.054
23/09/2022 04:30,Min,NEM,Brown coal,4251.505
23/09/2022 04:30,Min,NEM,Distributed PV,0
23/09/2022 04:30,Min,NEM,Gas,1352.916
23/09/2022 04:30,Min,NEM,Hydro,1458.574
23/09/2022 04:30,Min,NEM,Liquid Fuel,0
23/09/2022 04:30,Min,NEM,Utility-scale Solar,0.052
23/09/2022 04:30,Min,NEM,Wind,933.39
16/10/2022 04:00,Min,NEM,Battery,8.456
16/10/2022 04:00,Min,NEM,Biomass,35.283
16/10/2022 04:00,Min,NEM,Black coal,10058.875
16/10/2022 04:00,Min,NEM,Brown coal,3836.209
16/10/2022 04:00,Min,NEM,Distributed PV,0
16/10/2022 04:00,Min,NEM,Gas,1178.536
16/10/2022 04:00,Min,NEM,Hydro,1372.833
16/10/2022 04:00,Min,NEM,Liquid Fuel,0
16/10/2022 04:00,Min,NEM,Utility-scale Solar,-0.155
16/10/2022 04:00,Min,NEM,Wind,926.053
28/10/2022 12:30,Max,NEM,Battery,9.327
28/10/2022 12:30,Max,NEM,Biomass,-4.95
28/10/2022 12:30,Max,NEM,Black coal,6115.905
28/10/2022 12:30,Max,NEM,Brown coal,2088.697
28/10/2022 12:30,Max,NEM,Distributed PV,9454.837
28/10/2022 12:30,Max,NEM,Gas,401.346
28/10/2022 12:30,Max,NEM,Hydro,1058.972
28/10/2022 12:30,Max,NEM,Liquid Fuel,-0.033
28/10/2022 12:30,Max,NEM,Utility-scale Solar,3696.527
28/10/2022 12:30,Max,NEM,Wind,4667.751
21/11/2022 11:00,Max,NEM,Battery,26.385
21/11/2022 11:00,Max,NEM,Biomass,54.183
21/11/2022 11:00,Max,NEM,Black coal,6506.237
21/11/2022 11:00,Max,NEM,Brown coal,2364.602
21/11/2022 11:00,Max,NEM,Distributed PV,9187.347
21/11/2022 11:00,Max,NEM,Gas,260.855
21/11/2022 11:00,Max,NEM,Hydro,948.247
21/11/2022 11:00,Max,NEM,Liquid Fuel,11.89
21/11/2022 11:00,Max,NEM,Utility-scale Solar,3501.089
21/11/2022 11:00,Max,NEM,Wind,5331.187
24/11/2022 01:30,Min,NEM,Battery,18.888
24/11/2022 01:30,Min,NEM,Biomass,41.867
24/11/2022 01:30,Min,NEM,Black coal,10896.933
24/11/2022 01:30,Min,NEM,Brown coal,2945.061
24/11/2022 01:30,Min,NEM,Distributed PV,0
24/11/2022 01:30,Min,NEM,Gas,1121.15
24/11/2022 01:30,Min,NEM,Hydro,2206.168
24/11/2022 01:30,Min,NEM,Liquid Fuel,17.546
24/11/2022 01:30,Min,NEM,Utility-scale Solar,0.042
24/11/2022 01:30,Min,NEM,Wind,1595.781
14/12/2022 11:00,Max,NEM,Battery,10.762
14/12/2022 11:00,Max,NEM,Biomass,51.333
14/12/2022 11:00,Max,NEM,Black coal,6385.522
14/12/2022 11:00,Max,NEM,Brown coal,2798.029
14/12/2022 11:00,Max,NEM,Distributed PV,9683.328
14/12/2022 11:00,Max,NEM,Gas,252.98
14/12/2022 11:00,Max,NEM,Hydro,553.943
14/12/2022 11:00,Max,NEM,Liquid Fuel,0.127
14/12/2022 11:00,Max,NEM,Utility-scale Solar,3841.805
14/12/2022 11:00,Max,NEM,Wind,4446.393
25/12/2022 04:00,Min,NEM,Battery,0.327
25/12/2022 04:00,Min,NEM,Biomass,28.383
25/12/2022 04:00,Min,NEM,Black coal,9215.512
25/12/2022 04:00,Min,NEM,Brown coal,4061.315
25/12/2022 04:00,Min,NEM,Distributed PV,0
25/12/2022 04:00,Min,NEM,Gas,570.72
25/12/2022 04:00,Min,NEM,Hydro,1160.502
25/12/2022 04:00,Min,NEM,Liquid Fuel,-0.083
25/12/2022 04:00,Min,NEM,Utility-scale Solar,0.061
25/12/2022 04:00,Min,NEM,Wind,1506.933
09/01/2023 12:30,Max,NEM,Battery,2.98
09/01/2023 12:30,Max,NEM,Biomass,-2.4
09/01/2023 12:30,Max,NEM,Black coal,7367.489
09/01/2023 12:30,Max,NEM,Brown coal,3120.148
09/01/2023 12:30,Max,NEM,Distributed PV,11021.365
09/01/2023 12:30,Max,NEM,Gas,255.065
09/01/2023 12:30,Max,NEM,Hydro,766.635
09/01/2023 12:30,Max,NEM,Liquid Fuel,0
09/01/2023 12:30,Max,NEM,Utility-scale Solar,5213.587
09/01/2023 12:30,Max,NEM,Wind,2095.402
12/01/2023 03:30,Min,NEM,Battery,10.849
12/01/2023 03:30,Min,NEM,Biomass,18
12/01/2023 03:30,Min,NEM,Black coal,10490.185
12/01/2023 03:30,Min,NEM,Brown coal,4217.387
12/01/2023 03:30,Min,NEM,Distributed PV,0
12/01/2023 03:30,Min,NEM,Gas,1295.86
12/01/2023 03:30,Min,NEM,Hydro,1776.198
12/01/2023 03:30,Min,NEM,Liquid Fuel,0
12/01/2023 03:30,Min,NEM,Utility-scale Solar,0.068
12/01/2023 03:30,Min,NEM,Wind,896.778
11/02/2023 13:30,Max,NEM,Battery,7.431
11/02/2023 13:30,Max,NEM,Biomass,-0.7
11/02/2023 13:30,Max,NEM,Black coal,8026.736
11/02/2023 13:30,Max,NEM,Brown coal,2275.818
11/02/2023 13:30,Max,NEM,Distributed PV,11409.067
11/02/2023 13:30,Max,NEM,Gas,265.233
11/02/2023 13:30,Max,NEM,Hydro,549.229
11/02/2023 13:30,Max,NEM,Liquid Fuel,0
11/02/2023 13:30,Max,NEM,Utility-scale Solar,4774.64
11/02/2023 13:30,Max,NEM,Wind,3152.949
19/02/2023 05:30,Min,NEM,Battery,8.325
19/02/2023 05:30,Min,NEM,Biomass,15.567
19/02/2023 05:30,Min,NEM,Black coal,10815.199
19/02/2023 05:30,Min,NEM,Brown coal,4386.578
19/02/2023 05:30,Min,NEM,Distributed PV,0
19/02/2023 05:30,Min,NEM,Gas,765.78
19/02/2023 05:30,Min,NEM,Hydro,944.978
19/02/2023 05:30,Min,NEM,Liquid Fuel,-0.05
19/02/2023 05:30,Min,NEM,Utility-scale Solar,0.068
19/02/2023 05:30,Min,NEM,Wind,1654.795
05/03/2023 12:00,Max,NEM,Battery,10.286
05/03/2023 12:00,Max,NEM,Biomass,-1
05/03/2023 12:00,Max,NEM,Black coal,6603.179
05/03/2023 12:00,Max,NEM,Brown coal,2372.981
05/03/2023 12:00,Max,NEM,Distributed PV,9757.927
05/03/2023 12:00,Max,NEM,Gas,253.78
05/03/2023 12:00,Max,NEM,Hydro,561.698
05/03/2023 12:00,Max,NEM,Liquid Fuel,0
05/03/2023 12:00,Max,NEM,Utility-scale Solar,4148.873
05/03/2023 12:00,Max,NEM,Wind,3293.71
28/03/2023 03:30,Min,NEM,Battery,3.442
28/03/2023 03:30,Min,NEM,Biomass,-0.2
28/03/2023 03:30,Min,NEM,Black coal,10623.692
28/03/2023 03:30,Min,NEM,Brown coal,3539.732
28/03/2023 03:30,Min,NEM,Distributed PV,0
28/03/2023 03:30,Min,NEM,Gas,2020.486
28/03/2023 03:30,Min,NEM,Hydro,1750.57
28/03/2023 03:30,Min,NEM,Liquid Fuel,-0.1
28/03/2023 03:30,Min,NEM,Utility-scale Solar,0.216
28/03/2023 03:30,Min,NEM,Wind,903.955
16/04/2023 11:30,Max,NEM,Battery,0.788
16/04/2023 11:30,Max,NEM,Biomass,-0.5
16/04/2023 11:30,Max,NEM,Black coal,5534.653
16/04/2023 11:30,Max,NEM,Brown coal,2219.871
16/04/2023 11:30,Max,NEM,Distributed PV,7007.29
16/04/2023 11:30,Max,NEM,Gas,358.674
16/04/2023 11:30,Max,NEM,Hydro,771.671
16/04/2023 11:30,Max,NEM,Liquid Fuel,-0.1
16/04/2023 11:30,Max,NEM,Utility-scale Solar,3792.271
16/04/2023 11:30,Max,NEM,Wind,3902.796
30/04/2023 23:30,Min,NEM,Battery,27.412
30/04/2023 23:30,Min,NEM,Biomass,-0.4
30/04/2023 23:30,Min,NEM,Black coal,10290.225
30/04/2023 23:30,Min,NEM,Brown coal,4179.859
30/04/2023 23:30,Min,NEM,Distributed PV,0
30/04/2023 23:30,Min,NEM,Gas,2907.276
30/04/2023 23:30,Min,NEM,Hydro,2739.638
30/04/2023 23:30,Min,NEM,Liquid Fuel,-0.067
30/04/2023 23:30,Min,NEM,Utility-scale Solar,-0.202
30/04/2023 23:30,Min,NEM,Wind,585.391
03/05/2023 13:00,Max,NEM,Battery,2.723
03/05/2023 13:00,Max,NEM,Biomass,-0.783
03/05/2023 13:00,Max,NEM,Black coal,5820.271
03/05/2023 13:00,Max,NEM,Brown coal,2917.736
03/05/2023 13:00,Max,NEM,Distributed PV,8175.923
03/05/2023 13:00,Max,NEM,Gas,272.289
03/05/2023 13:00,Max,NEM,Hydro,747.54
03/05/2023 13:00,Max,NEM,Liquid Fuel,0
03/05/2023 13:00,Max,NEM,Utility-scale Solar,3178.248
03/05/2023 13:00,Max,NEM,Wind,5717.55
19/05/2023 04:30,Min,NEM,Battery,7.83
19/05/2023 04:30,Min,NEM,Biomass,-0.4
19/05/2023 04:30,Min,NEM,Black coal,11089.218
19/05/2023 04:30,Min,NEM,Brown coal,4648.705
19/05/2023 04:30,Min,NEM,Distributed PV,0
19/05/2023 04:30,Min,NEM,Gas,1603.228
19/05/2023 04:30,Min,NEM,Hydro,1389.065
19/05/2023 04:30,Min,NEM,Liquid Fuel,1.167
19/05/2023 04:30,Min,NEM,Utility-scale Solar,0.285
19/05/2023 04:30,Min,NEM,Wind,1412.652
02/06/2023 04:00,Min,NEM,Battery,13.573
02/06/2023 04:00,Min,NEM,Biomass,14.4
02/06/2023 04:00,Min,NEM,Black coal,10950.532
02/06/2023 04:00,Min,NEM,Brown coal,4235.44
02/06/2023 04:00,Min,NEM,Distributed PV,0
02/06/2023 04:00,Min,NEM,Gas,1141.997
02/06/2023 04:00,Min,NEM,Hydro,1852.467
02/06/2023 04:00,Min,NEM,Liquid Fuel,-0.033
02/06/2023 04:00,Min,NEM,Utility-scale Solar,0.952
02/06/2023 04:00,Min,NEM,Wind,1388.107
09/06/2023 11:30,Max,NEM,Battery,7.169
09/06/2023 11:30,Max,NEM,Biomass,16.417
09/06/2023 11:30,Max,NEM,Black coal,6722.167
09/06/2023 11:30,Max,NEM,Brown coal,3125.303
09/06/2023 11:30,Max,NEM,Distributed PV,7272.603
09/06/2023 11:30,Max,NEM,Gas,332.236
09/06/2023 11:30,Max,NEM,Hydro,1216.074
09/06/2023 11:30,Max,NEM,Liquid Fuel,32.288
09/06/2023 11:30,Max,NEM,Utility-scale Solar,3603.911
09/06/2023 11:30,Max,NEM,Wind,4856.626